{
  "sceneId": 1064,
  "bornPosList": [
    {
      "id": 100014323,
      "configId": 3057,
      "roomId": 1,
      "pos": {
        "x": 0.08817244,
        "y": 0.09673109,
        "z": -3.827112
      },
      "rot": {
        "x": 0.0,
        "y": 0.0,
        "z": 0.0
      },
      "groupId": 0,
      "suiteId": 0,
      "suiteIdList": null
    }
  ]
}