{
  "sceneId": 1057,
  "bornPosList": [
    {
      "id": 100007160,
      "configId": 2140,
      "roomId": 1,
      "pos": {
        "x": 2.926309,
        "y": -7.902704,
        "z": -20.29399
      },
      "rot": {
        "x": 0.0,
        "y": 0.0,
        "z": 0.0
      },
      "groupId": 0,
      "suiteId": 0,
      "suiteIdList": null
    },
    {
      "id": 100007161,
      "configId": 2142,
      "roomId": 1,
      "pos": {
        "x": -1.42418,
        "y": -0.8808482,
        "z": -1.470123
      },
      "rot": {
        "x": 0.0,
        "y": 164.5886,
        "z": 0.0
      },
      "groupId": 0,
      "suiteId": 0,
      "suiteIdList": null
    },
    {
      "id": 100007162,
      "configId": 2143,
      "roomId": 1,
      "pos": {
        "x": -3.960433,
        "y": 0.3185302,
        "z": 11.5643
      },
      "rot": {
        "x": 0.0,
        "y": 0.0,
        "z": 0.0
      },
      "groupId": 0,
      "suiteId": 0,
      "suiteIdList": null
    }
  ]
}