{
  "sceneId": 1018,
  "bornPosList": [
    {
      "id": 1,
      "configId": 1513,
      "roomId": 1,
      "pos": {
        "x": 4.738856,
        "y": 0.006737828,
        "z": -11.11411
      },
      "rot": {
        "x": 0.0,
        "y": 270.0,
        "z": 0.0
      },
      "groupId": 201018901,
      "suiteId": 0,
      "suiteIdList": [
        1
      ]
    },
    {
      "id": 2,
      "configId": 1514,
      "roomId": 1,
      "pos": {
        "x": 7.100053,
        "y": 1.035874,
        "z": -5.451262
      },
      "rot": {
        "x": 0.0,
        "y": 270.0,
        "z": 0.0
      },
      "groupId": 201018901,
      "suiteId": 0,
      "suiteIdList": [
        1
      ]
    }
  ]
}