{
  "sceneId": 50015,
  "bornPosList": [
    {
      "id": 1,
      "configId": 20032,
      "roomId": 0,
      "pos": {
        "x": -30.49997,
        "y": 4.799999,
        "z": -109.885674
      },
      "rot": {
        "x": 0.0,
        "y": 258.8626,
        "z": 0.0
      },
      "groupId": 250015016,
      "suiteId": 0,
      "suiteIdList": [
        1
      ]
    }
  ]
}