{
  "sceneId": 1068,
  "bornPosList": [
    {
      "id": 1,
      "configId": 30114,
      "roomId": 1,
      "pos": {
        "x": 0.4379145,
        "y": -1.345222E-06,
        "z": 8.256913
      },
      "rot": {
        "x": 0.0,
        "y": 180.0,
        "z": 0.0
      },
      "groupId": 201068002,
      "suiteId": 0,
      "suiteIdList": [
        2
      ]
    }
  ]
}