{
  "sceneId": 1077,
  "bornPosList": [
    {
      "id": 100038859,
      "configId": 4317,
      "roomId": 1,
      "pos": {
        "x": -1.688375,
        "y": -0.03996128,
        "z": -12.82654
      },
      "rot": {
        "x": 0.0,
        "y": 94.76385,
        "z": 0.0
      },
      "groupId": 0,
      "suiteId": 0,
      "suiteIdList": null
    },
    {
      "id": 100038860,
      "configId": 4319,
      "roomId": 1,
      "pos": {
        "x": 2.45843,
        "y": -0.1412226,
        "z": -11.73074
      },
      "rot": {
        "x": 0.0,
        "y": 86.99648,
        "z": 0.0
      },
      "groupId": 0,
      "suiteId": 0,
      "suiteIdList": null
    }
  ]
}