{
  "sceneId": 20151,
  "bornPosList": [
    {
      "id": 1,
      "configId": 12986,
      "roomId": 0,
      "pos": {
        "x": -146.1668,
        "y": -9.867917,
        "z": 85.01302
      },
      "rot": {
        "x": 0.0,
        "y": 171.2568,
        "z": 0.0
      },
      "groupId": 220151017,
      "suiteId": 0,
      "suiteIdList": [
        1
      ]
    },
    {
      "id": 2,
      "configId": 12985,
      "roomId": 0,
      "pos": {
        "x": -26.44335,
        "y": 1.0001,
        "z": 51.77464
      },
      "rot": {
        "x": 0.0,
        "y": 0.0,
        "z": 0.0
      },
      "groupId": 220151017,
      "suiteId": 0,
      "suiteIdList": [
        1
      ]
    }
  ]
}