{
  "sceneId": 1068,
  "bornPosList": [
    {
      "id": 100000001,
      "configId": 30116,
      "roomId": 1,
      "pos": {
        "x": 4.465952,
        "y": 0.4097941,
        "z": -4.234193
      },
      "rot": {
        "x": 0.0,
        "y": 0.0,
        "z": 0.0
      },
      "groupId": 0,
      "suiteId": 0,
      "suiteIdList": null
    },
    {
      "id": 100018153,
      "configId": 30113,
      "roomId": 1,
      "pos": {
        "x": -5.1705,
        "y": 0.4097942,
        "z": -4.706735
      },
      "rot": {
        "x": 0.0,
        "y": 0.0,
        "z": 0.0
      },
      "groupId": 0,
      "suiteId": 0,
      "suiteIdList": null
    },
    {
      "id": 100018154,
      "configId": 30115,
      "roomId": 1,
      "pos": {
        "x": 3.503845,
        "y": 0.4097939,
        "z": -3.082333
      },
      "rot": {
        "x": 0.0,
        "y": 0.0,
        "z": 0.0
      },
      "groupId": 0,
      "suiteId": 0,
      "suiteIdList": null
    },
    {
      "id": 100018530,
      "configId": 30114,
      "roomId": 1,
      "pos": {
        "x": 4.1113,
        "y": -2.558067E-07,
        "z": 1.57013
      },
      "rot": {
        "x": 0.0,
        "y": 270.0,
        "z": 0.0
      },
      "groupId": 0,
      "suiteId": 0,
      "suiteIdList": null
    }
  ]
}