{
    "homeBlockLists": [
        {
            "blockId": 1,
            "furnitures": [
                {
                    "id": 3750102,
                    "pos": {
                        "x": 347.17779541015625,
                        "y": 396.3992004394531,
                        "z": 761.7860717773438
                    },
                    "rot": {
                        "x": -0.78774493932724,
                        "z": 0.616001546382904
                    },
                    "parentFurnitureIndex": 0
                }
            ],
            "weekendDjinnInfoList": [
                {
                    "pos": {
                        "x": 291.0,
                        "y": 396.3999938964844,
                        "z": 702.0
                    },
                    "rot": {
                        "y": 81.0
                    }
                }
            ]
        },
        {
            "blockId": 2,
            "weekendDjinnInfoList": [
                {
                    "pos": {
                        "x": 312.0,
                        "y": 406.79998779296875,
                        "z": 594.0
                    },
                    "rot": {
                        "y": -132.0
                    }
                }
            ]
        },
        {
            "blockId": 4,
            "weekendDjinnInfoList": [
                {
                    "pos": {
                        "x": 573.0,
                        "y": 459.79998779296875,
                        "z": 504.0
                    },
                    "rot": {
                        "y": 140.0
                    }
                }
            ]
        },
        {
            "blockId": 3,
            "weekendDjinnInfoList": [
                {
                    "pos": {
                        "x": 497.0,
                        "y": 433.6000061035156,
                        "z": 620.1900024414062
                    },
                    "rot": {
                        "y": 97.0
                    }
                }
            ]
        }
    ],
    "isSetBornPos": true,
    "bornPos": {
        "x": 334.9332275390625,
        "y": 397.5692138671875,
        "z": 771.208740234375
    },
    "bornRot": {
        "y": 308.02471923828125
    },
    "mainhouse": {
        "id": 3750102,
        "pos": {
            "x": 347.17779541015625,
            "y": 396.3992004394531,
            "z": 761.7860717773438
        },
        "rot": {
            "y": 308.02471923828125
        },
        "parentFurnitureIndex": 1
    },
    "djinPos": {
        "x": 337.58099365234375,
        "y": 397.919189453125,
        "z": 772.8577270507812
    },
    "tmpVersion": 1
}