{
  "radius": 5.0,
  "height": 30.0,
  "furnitureUnits": [
    {
      "furnitureID": 373303,
      "position": {
        "x": 0.712,
        "y": 0.0,
        "z": -1.908
      },
      "rotation": {
        "x": 0.0,
        "y": 133.389221,
        "z": 0.0
      },
      "parentIndex": -1
    },
    {
      "furnitureID": 373302,
      "position": {
        "x": -1.198,
        "y": 0.0,
        "z": 0.944
      },
      "rotation": {
        "x": -3.9750563e-7,
        "y": 99.13248,
        "z": 2.47273147e-6
      },
      "parentIndex": -1
    },
    {
      "furnitureID": 373301,
      "position": {
        "x": -0.931,
        "y": 0.0,
        "z": -1.455
      },
      "rotation": {
        "x": 6.60269461e-6,
        "y": 44.98188,
        "z": 6.598519e-6
      },
      "parentIndex": -1
    },
    {
      "furnitureID": 373302,
      "position": {
        "x": 0.491,
        "y": 0.0,
        "z": 2.255
      },
      "rotation": {
        "x": -2.47589287e-6,
        "y": 188.665024,
        "z": -3.77318429e-7
      },
      "parentIndex": -1
    }
  ]
}
