{
  "radius": 8.0,
  "height": 30.0,
  "furnitureUnits": [
    {
      "furnitureID": 370305,
      "position": {
        "x": -5.27,
        "y": 0.0,
        "z": -1.62
      },
      "rotation": {
        "x": 2.73038978e-7,
        "y": 83.7411652,
        "z": 2.48955075e-6
      },
      "parentIndex": -1
    },
    {
      "furnitureID": 370303,
      "position": {
        "x": -0.244220912,
        "y": 0.0,
        "z": -4.42712641
      },
      "rotation": {
        "x": 8.973704e-6,
        "y": 15.9856415,
        "z": 2.57073452e-6
      },
      "parentIndex": -1
    },
    {
      "furnitureID": 373108,
      "position": {
        "x": 3.99000883,
        "y": 0.0,
        "z": -4.02998543
      },
      "rotation": {
        "x": 9.334668e-6,
        "y": 0.0,
        "z": 0.0
      },
      "parentIndex": -1
    },
    {
      "furnitureID": 370309,
      "position": {
        "x": -1.46422219,
        "y": 0.0,
        "z": 5.232908
      },
      "rotation": {
        "x": 0.0,
        "y": 0.0,
        "z": 0.0
      },
      "parentIndex": -1
    }
  ]
}
