{
  "radius": 8.0,
  "height": 30.0,
  "furnitureUnits": [
    {
      "furnitureID": 372405,
      "position": {
        "x": -2.07,
        "y": 0.0,
        "z": 2.52
      },
      "rotation": {
        "x": 0.0,
        "y": 147.416245,
        "z": 0.0
      },
      "parentIndex": -1
    },
    {
      "furnitureID": 373308,
      "position": {
        "x": 2.28837228,
        "y": 0.0,
        "z": 0.987340331
      },
      "rotation": {
        "x": 0.0,
        "y": 332.9895,
        "z": 0.0
      },
      "parentIndex": -1
    },
    {
      "furnitureID": 372301,
      "position": {
        "x": -0.351627856,
        "y": 0.0,
        "z": 0.2373403
      },
      "rotation": {
        "x": 0.0,
        "y": 0.0,
        "z": 0.0
      },
      "parentIndex": -1
    },
    {
      "furnitureID": 372405,
      "position": {
        "x": 1.53979051,
        "y": 0.0,
        "z": -2.44883156
      },
      "rotation": {
        "x": 0.0,
        "y": 175.0379,
        "z": 0.0
      },
      "parentIndex": -1
    }
  ]
}
