{
  "radius": 8.0,
  "height": 30.0,
  "furnitureUnits": [
    {
      "furnitureID": 371201,
      "position": {
        "x": -0.1,
        "y": 0.0,
        "z": -2.08
      },
      "rotation": {
        "x": 0.0,
        "y": 1.70754709e-6,
        "z": 0.0
      },
      "parentIndex": -1
    },
    {
      "furnitureID": 373310,
      "position": {
        "x": 3.08825684,
        "y": 0.0,
        "z": 0.802001953
      },
      "rotation": {
        "x": -6.482054e-7,
        "y": -5.1226416e-6,
        "z": 2.4191404e-6
      },
      "parentIndex": -1
    },
    {
      "furnitureID": 373309,
      "position": {
        "x": -3.08724976,
        "y": 0.0,
        "z": 0.729187
      },
      "rotation": {
        "x": -6.48204662e-7,
        "y": -2.90283e-5,
        "z": 2.41914086e-6
      },
      "parentIndex": -1
    }
  ]
}
